<?xml version="1.0" encoding="UTF-8"?>

<!-- 
	이 xml문서는 실행할 SQL문을 작성하는 문서입니다.
 		아까의 config내용과 다름  
-->

<!DOCTYPE sqlMap
	PUBLIC "-//ibatis.apache.org//DTD SQL Map 2.0//EN"
	"http://ibatis.apache.org/dtd/dtd.map-2.dtd">
	
<sqlMap namespace="Lprod">
	<!-- 
		이 부분에 ibatis에서 실행할 SQL문에 맞는 태그를 사용하여 SQL문을 작성한다.
		
		사용할 수 있는 기본적인 태그들
			<SELECT> ~~~ </SELECT>
			<INSERT> ~~~ </INSERT>
			<UPDATE> ~~~ </UPDATE>
			<DELETE> ~~~ </DELETE>
				~~~~~~~~~
		
	 -->

	<!--
	*작성할 때 대소문자 구분 잘하기, ;을 붙이면 안된다.
	
		id속성 ==> Java프로그램에서 실행할 쿼리문을 호출할 때 사용되는 이름으로 
			<sqlMap>태그의 namespace속성값과 연결해서 사용한다.
			( 예 : lprod.insertLprod ) 
		parameterClass 속성 ==> SQL문에 사용될 데이터가 들어있는 객체를 기술한다.
				(보통 VO클래스를 많이 사용, 자바의 자료형이름 등이 사용된다.)
				(VO클래스 등을 기술할 때 해당 클래스의 전체이름(패키지명까지 포함된이름)을 기술해야 한다.
				
				==> LPROD객체에 담아서 보낸다.(패키지명과 클래스명을 같이 사용)		
	-->
	
<!-- 	<insert id="insertLprod" parameterClass="kr.or.ddit.basic.LprodVo"> -->
	<insert id="insertLprod" parameterClass="lprodVo">
		Insert into lprod (lprod_id, lprod_gu, lprod_nm)
		values(#lprod_id#,#lprod_gu#,#lprod_nm#)	
	</insert>

<!-- 	외부에서 데이터를 가져와서 세팅을 해야되나 안해야되느냐에 따라 파라미터 클래스의 유무가 결정된다. 
		여러개의 값일 경우에는 객체로 하며, #으로 다 감싸주기 
		map도 사용가능 -> map을 쓸 경우 key값이 변수명 
		-->
		
	<update id="updateLprod" parameterClass="lprodVo">
		update lprod set lprod_id=#lprod_id#, lprod_nm=#lprod_nm#
		where lprod_gu = #lprod_gu#
	</update>
	
	

			 
<!-- 	외부에서 들어가는 데이터가 있으면 파라미터클래스가 있어야한다.  STRING형이면 STRING사용 가능 -->
	<delete id="deleteLprod" parameterClass="String">
		<!-- delete from lprod
		where lprod_gu = #lprod_gu# -->
		
		delete from lprod
		where lprod_gu = #asdfasdf#
			<!-- 	parameterClass에 설정되는 값이 단일값이면 sql문에 이 값을 나타내는 변수는 
			 이름이 특별히 정해지지 않았다. (즉, 사용자가 임으로 지정하 수 있다.) 
			 ==> #안에 변수를 아무거나 사용해도 된다 -->
	</delete>
	
	
	<!--  
		파라미터가 들어가지 않아 parameterClass가 필요하지 않지만, 결과를 저장할 것(resultClass)이 필요하다
		resultClass 속성 ==> select문을 처리한 결과를 저장할 VO클래스나 자바 자료형이름을 지정한다.
		select한 결과가 여러개이면, 자동으로 List에 담아준다.
		그래서 결과가 여러개일 경우에도 resultClass속성에 지정하는 것은 
		1개의 레코드가 저장될 클래스나 자료형이름을 지정하면 된다. 
		
	
	 -->
	<select id="getAllLprod" resultClass="lprodVo">		<!-- lprodVo는 한개의 레코드가 저장될 클래스  -->
		SELECT * FROM LPROD 
	</select>
	
	<select id="getLprod" parameterClass="String" resultClass="lprodVo">
		SELECT * FROM lPROD WHERE lprod_gu = #lprod_gu#
	</select>
	
</sqlMap>