<?xml version="1.0" encoding="UTF-8"?>

<!-- 
	이 xml문서는 실행할 SQL문을 작성하는 문서입니다.
 		아까의 config내용과 다름  
-->

<!DOCTYPE sqlMap
	PUBLIC "-//ibatis.apache.org//DTD SQL Map 2.0//EN"
	"http://ibatis.apache.org/dtd/dtd.map-2.dtd">
	
<sqlMap namespace="mymember">
										<!-- 패키지명을 다 쓰고 클래스명을 써야된다  => 길어지니까 sqlMapconfig에 typeAlias에 써주기  -->
<!-- 	<insert id="insertMember" parameterClass="kr.or.ddit.member.vo.MemberVo"> -->
	<insert id="insertMember" parameterClass="memVo">
	insert into mymember (mem_id, mem_name, mem_tel, mem_addr)
	values (#mem_id#, #mem_name#, #mem_tel#, #mem_addr#)
	</insert>
	
	<delete id="deleteMember" parameterClass="String">
	delete mymember where mem_id = #mem_id#	
	</delete>
	
<!-- 	회원 전체를 수정  -->
	<update id="updateMember" parameterClass="memVo">
	update mymember set mem_name=#mem_name#, mem_tel=#mem_tel#, mem_addr=#mem_addr# 
	WHERE mem_id=#mem_id#
	</update>
	
<!-- 	카운터 조회 -->
	<select id="getCount" parameterClass="String" resultClass="int">
	Select count(*) cnt from mymember where mem_id = #mem_id#
	</select>
	
<!-- 	전체직원조회 -->
	<select id="getAllMember" resultClass="memVo">		<!-- resultClass에는 memVo는 한개의 레코드가 저장될 클래스, list가 아니다  -->
		SELECT * FROM mymember 		
	</select>
	
<!-- 	수정 2 
	Map을 parameterClass로 받아서 처리할 때의 변수명은 Map의 'key값'으로 지정한다.
	- key 값으로 설정한 것을 변수명으로 , get을 할때 =?의 값은 data
	- 컬럼명은 preparedStatement일 때 작은따옴표가 자동으로 붙여지는거와 같이 #도 같이 ''가 자동으로 들어간다
	- 키값을 쓰는것은 같은데 컬럼명을 쓸 때에는 $를 사용한다
	
	==> 파라미터로 가져온 값을 컬럼명 등의 자리에서 사용할 경우에는 달러($)기호를 사용해서 나타낸다.
	- $는 글씨만 붙는다 
			예) $변수명$ 또는 $key값$(map사용시-key값) 
			
-->
	<update id="updateMember2" parameterClass="java.util.Map">
	update mymember set $field$ = #data#  where mem_id = #memId# 
	</update>
	
</sqlMap>