<?xml version="1.0" encoding="UTF-8"?>


<!DOCTYPE sqlMap
	PUBLIC "-//ibatis.apache.org//DTD SQL Map 2.0//EN"
	"http://ibatis.apache.org/dtd/dtd.map-2.dtd">

<sqlMap namespace="hotel">

	<!-- 체크인 하는 쿼리문 -->
	<insert id="checkIn" parameterClass="hotelVo">
		insert into reserve	(room_no, customer_name)
		values (#room_no#, #name#)
	</insert>
	<!-- 체크아웃하는 쿼리문 -->
	<!-- <delete id="checkOut" parameterClass="hotelVo"> -->
	<!-- delete reserve where room_no = #room_no# and customer_name = #name# -->

	<delete id="checkOut" parameterClass="int">
		delete reserve where
		room_no = #room_no#
	</delete>

	<!-- 객실 상태를 확인하는 쿼리문 -->
	<select id="showRoom" resultClass="hotelVo">
		select h.room_no, h.room_type roomtype, decode(r.customer_name, null,'-') name  from hotel h, reserve r where h.room_no = r.room_no(+) order by h.room_no
<!-- 		select h.*, r.customer_name from hotel h, reserve r where h.room_no = r.room_no(+) order by h.room_no -->
	</select>


	<!-- 객실 번호를 확인하는 쿼리문 -->
	<select id="getRoomNo" parameterClass="int" resultClass="int">
		select	count(room_no) from hotel where room_no = #room_no#
	</select>

	<!-- 예약 상태를 확인하는 쿼리문 -->
	<select id="getRoom" parameterClass="int" resultClass="int">
		select
		count(*) from reserve where room_no = #room_no#
	</select>


</sqlMap>
	
	
	